start,end,text
0.0,2.0,うっふっ
3.0,5.0,信者護衛
6.0,8.0,なんでこんな流れになったの?全然わかんない
8.0,10.0,加藤11ファミリーを作って
10.0,12.0,テレビを目指そうっていう
12.0,14.0,俺だってテレビ目指すから
14.0,16.0,メンバーが必要なのね
16.0,18.0,今そのメンバーを募集してたら
18.0,20.0,驚愕の事実が発覚して
20.0,22.0,今この流れになってしまった
22.0,33.0,スマップも消えるからそこの枠にガッチっとね
33.0,35.0,入っていこうと思います
37.0,39.0,狙っていきます
39.0,42.0,ポケモンカード公認オーガナイザーになってくれ
42.0,44.0,うっふっふ
44.0,46.0,ポケモンカード公認オーガナイザーって何?
46.0,48.0,俺なんかねそう
48.0,50.0,呼んでもらったんだけどたまたまね
50.0,52.0,呼ばなくていけなかったんだけど
52.0,54.0,なんかプレイヤーとしては
54.0,56.0,出たくなかったんだけど
56.0,58.0,わかんないからさ俺
58.0,60.0,しかも実際カードでやるのは無理だから
60.0,62.0,俺ネットでしかできないから
62.0,64.0,あれしたかったわ
64.0,66.0,あのゲスト
66.0,68.0,ガヤみたいなので出たかったの
68.0,70.0,うっふっふ
70.0,72.0,ガヤみたいなので
76.0,78.0,グループ名ちょっと考えといて
78.0,80.0,テレビとかやめてくれ
80.0,82.0,いやもう俺たちのグループをテレビが欲してると思う
82.0,84.0,もう止めらんないと思う
84.0,86.0,そのうちNHKとかから声かかると思うよ
88.0,90.0,確実にね
90.0,92.0,チーム
94.0,96.0,カーバイン
96.0,98.0,チームカーバインで
98.0,100.0,出ます
100.0,102.0,いやもう
102.0,104.0,見えてるね道筋が見えたね
104.0,106.0,チームカーバイン
108.0,110.0,カーバイン好きすぎないか
110.0,112.0,今だって動画上げてるやつで俺面白いのカーバインしかいねえもん
116.0,118.0,悲しいだろ
118.0,120.0,俺ニコ動開いてカーバイン見てんだぜ
124.0,126.0,悲しきモンスターなんだ
126.0,128.0,俺は
128.0,130.0,カーバイン
136.0,138.0,みんな応援よろしくな
138.0,140.0,カーバインってどんなゲーム
140.0,142.0,ゲーム実況してねえやん
142.0,144.0,鼻の角栓を取る動画上げてる
144.0,146.0,鼻の角栓を取る動画
146.0,148.0,一番需要があるじゃん
154.0,156.0,鼻の角栓取ろうぜみんなも
156.0,158.0,カーバインって名前がまじでムカつく
158.0,160.0,あいつまじぶっ飛ばしたくなるよね
160.0,162.0,あいつ見てて殺したくなんない
162.0,164.0,俺カーバイン殺したいんだけどほんと
164.0,166.0,もしかしたら手あげてしまうかもしんない
166.0,168.0,チーム組んで
168.0,170.0,なんかチョークスリーパーで殺してしまうかもしんないけど
170.0,172.0,あの声
172.0,174.0,口元
176.0,178.0,俺がもしパクられるとしたら
178.0,180.0,カーバイン殺してパクられるな
180.0,182.0,間違いなく
182.0,184.0,あゲーム実況してんだ
184.0,186.0,へえ
186.0,188.0,知らなかった
188.0,190.0,みんなが鼻の角栓選手権やらないか
190.0,192.0,俺がだってあんまねえもん
192.0,194.0,俺あんまねえんだよ
194.0,196.0,比較的お風呂入るから
200.0,202.0,残念ながら参加できんわ
204.0,206.0,カーバインってランキング上がってる
206.0,208.0,汚い顔でうるさめるやつ
208.0,210.0,そうそうそうそう
210.0,212.0,後輩は生放送でほぼ毎回カーバインの悪口
212.0,214.0,カーバインの悪口って
214.0,216.0,どの面下げてカーバインの悪口してんだ
216.0,218.0,お前言っとくけどカーバインの方がお前よりいいぞ顔
218.0,220.0,あいつさ
220.0,222.0,悪口言うってことはさ
222.0,224.0,自分がカーバインより顔がいいと思ってんだろ
224.0,226.0,お前はっきり言ってカーバインの方がよっぽど顔がかっこいいからな
226.0,228.0,世間一般的に言うと
228.0,230.0,いやこれマジだからね
230.0,232.0,俺こういうの嫌いじゃないけどはっきり言って
232.0,234.0,第三者から見たら
234.0,236.0,お前の方がカーバインより全然ブツだからな
238.0,240.0,お前歌のうまいカーバインだぞ
240.0,242.0,お前が歌わなくなったら
242.0,244.0,お前ニコ生で歌ってんだろ
244.0,246.0,お前カーバインだぞ
246.0,248.0,動画
248.0,250.0,お前くったらね
250.0,252.0,ゆっくり動画上げてた頃の
252.0,254.0,お前ははっきり言ってカーバインだよ
258.0,260.0,うまくないの
260.0,262.0,うまいんじゃないの
262.0,264.0,歌は公平の勝ち
264.0,266.0,顔はカーバインの勝ち
266.0,268.0,ほんとにカーバイン
268.0,270.0,どもカーバインです
270.0,272.0,って入り方がいいんだよね
272.0,274.0,てめえの名前なんて知らねえよ
274.0,276.0,早く覚醒抜けよって思って
276.0,278.0,俺いつも荒らしてる
278.0,280.0,いらねえよてめえの
280.0,282.0,てめえのあれはや
282.0,284.0,いじめてるカーバインを
284.0,286.0,いつも俺は
286.0,288.0,再生数10万
288.0,290.0,マイリス28とかの伝説の動画
290.0,292.0,みんなも見てな
292.0,294.0,それからマイリス絶対すんじゃねえぞ
294.0,296.0,マイリス俺増えたらもう見ねえかんな
296.0,298.0,少なければ
298.0,300.0,もうマイリスゼロ目指してほしい
300.0,302.0,なんであれマイリスすんだ
302.0,304.0,みんな
304.0,306.0,マイリスしねえほうが面白いのにさ
306.0,308.0,絶対マイリスしねえでほしいわ
310.0,312.0,今再生30万マイリス200
312.0,314.0,マイリス多すぎだろ
314.0,316.0,10分の1でいいよ
316.0,318.0,再生30万マイリス20でいいよ
318.0,320.0,そしたらもっともっとカーバインの価値が上がっていく
322.0,324.0,絶対マイリスしねえほうがいいよな
324.0,326.0,本人のマイリス1だけを
326.0,328.0,毎回そういう運動してるんだけどさ
328.0,330.0,みんなマイリスしねえでくれ
330.0,332.0,だめなんだ
332.0,334.0,カーバインファンは熱いんだよ
334.0,336.0,ジャニーズみたいなさ
336.0,338.0,200人の声援がいるんだよ
338.0,340.0,ほんとに
340.0,342.0,みんなカーバイン好きになり始めてる
342.0,344.0,ここらでなんか炎上させようぜ
344.0,346.0,あいつ
348.0,350.0,そう
350.0,352.0,アダム団みたいな感じでいいんだよな
352.0,354.0,俺は
358.0,360.0,その200人は強いよ
360.0,362.0,相当
362.0,364.0,カーバインファンマイリス
364.0,366.0,アンチがマイリス
366.0,368.0,カーバインうぜえみたいな
368.0,370.0,どんどんつまんなくしてやろうって
370.0,372.0,あいつどうやったら炎上すんだかわかんねえ
372.0,374.0,知らん
376.0,378.0,いやあれ工作じゃないよ多分
378.0,380.0,単純に見たいじゃん
380.0,382.0,見たくねえ
386.0,388.0,あれ普通に
388.0,390.0,他にあげてる動画
390.0,392.0,俺比較的全部見てるけど
392.0,394.0,再生数1000とかの動画もあるし
394.0,396.0,カクセンの動画あげると10万くらい来るんだよ
396.0,398.0,カーバインのカクセンは
398.0,400.0,世が欲してるんだよ
400.0,402.0,来てるんだよ
402.0,404.0,皆様
404.0,406.0,お待たせしましたっていうかね
406.0,408.0,皆さん大好きカクセンの時間ですって
408.0,410.0,誰も待ってねえよ
410.0,412.0,下手者見たさで
412.0,414.0,ゴキブリの腹を見たいから見ると一緒なんだよ
414.0,416.0,誰も待ってねえのにさ
416.0,418.0,もうスターだよ
418.0,420.0,キムタクみたいな顔してるからな
420.0,422.0,どうも皆さんお待たせしました
422.0,424.0,誰も待ってねえのに
426.0,428.0,待望のなんか
430.0,432.0,そういうとこがいいんだよな
432.0,434.0,よろしくみんなも
434.0,436.0,カーバインを盛り上げていこうぜ
436.0,438.0,YouTuberに対抗するのは
438.0,440.0,今のところニコニコ動画だからカーバインしかいねえから
442.0,444.0,定期的に2ヶ月に
444.0,446.0,いっぺん鼻のカクセンの動画あげるから
446.0,448.0,あいつ
448.0,450.0,皆さん
450.0,452.0,今回は2週間貯めてきましたって鼻がボッツボツ
452.0,454.0,なってんの
454.0,456.0,視聴者プレゼントしまーす
456.0,458.0,って言って終わってくんだよな
458.0,460.0,カーバインの話やめようぜ
460.0,462.0,お腹いっぱいになっちゃったよカーバインで
462.0,464.0,雑談する意欲が
464.0,466.0,どんどん低くなっていく
466.0,468.0,あいつの話してると
468.0,470.0,あいつもYouTuberになるぞ
470.0,472.0,あいつもYouTuberになってほしくねえな
472.0,474.0,やだ
476.0,478.0,やだやだ
480.0,482.0,ニコニコ動画を盛り上げていこうよ
482.0,484.0,俺とカーバインで
484.0,486.0,俺も動画なんかあんまやる気ねえけど
486.0,488.0,でもなんかあれなんだよな
488.0,490.0,あげたい気持ちあるんだけどさ
490.0,492.0,俺の心にフィットする
492.0,494.0,みたいなゲームが
494.0,496.0,ライフイズストレンジみたいなゲームでいいかな
496.0,498.0,俺がハマれて
498.0,500.0,簡単な動画でサクサクあげていけるやつ
502.0,504.0,キューボ
506.0,508.0,モチベーションあるときは
508.0,510.0,ほんとあげる気になるんだけどな
510.0,512.0,なんか教えてください
512.0,514.0,今度なんか
514.0,516.0,いろいろやってみるわ
516.0,518.0,いろいろ
518.0,520.0,やってみまーす
520.0,522.0,よろしく
528.0,530.0,初見のフリしてヘビーレインあげてくれ
530.0,532.0,ヘビーレインなんか俺もう全然覚えてないからほぼ初見だよ
532.0,534.0,だから
534.0,536.0,続編が出たらいいよね
536.0,538.0,ヘビーレイン2とかさ
538.0,540.0,ライフイズストレンジ2とかさ
540.0,542.0,ラストオブアス2とか
542.0,544.0,あれもう堂々と動画でできるでしょ
544.0,546.0,前作はプレイ済みですっていう体で
546.0,548.0,ああいうのいいんだよな
548.0,550.0,俺知ってますぜーって言って
550.0,552.0,俺知ってますぜーって言って
552.0,554.0,あげたいわ
558.0,560.0,俺続編はやるよ
560.0,562.0,でも一回忘れないとできないじゃん
562.0,564.0,なんか知ってる知識がある状態でやりたくねーんだよ
564.0,566.0,なんか損した気分になっちゃう
568.0,570.0,まっさらな状態からやりたいじゃん
570.0,572.0,まっさらな状態でやりたくね
572.0,574.0,俺が特殊なのか
574.0,576.0,アウトラスト2もやるよ絶対やる
576.0,578.0,なんかアウトラスト動画を失踪してるのにも関わらず
578.0,580.0,あたかも
580.0,582.0,あのー皆さんお待ちかねの
582.0,584.0,みたいな感じで俺が
584.0,586.0,もう俺といえばみたいなテンションでやるよ
586.0,588.0,俺は
588.0,590.0,体験版出てるんだ
590.0,592.0,しかも全く同じ縛りで全く同じ編集でやるから
592.0,594.0,でも今度はもっと見やすくできるな
594.0,596.0,編集のスキル上がってるし
596.0,598.0,ちゃんとなんか見やすくできそう楽しみだな
598.0,600.0,んん
604.0,606.0,タイトルも同じあれでやろう
608.0,610.0,タイトルも同じあれで
612.0,614.0,いやガッチマンより先にできねぇな
614.0,616.0,あいつのアンテナの張り方半端ねぇから
616.0,618.0,実況オファー来たらウケるの
618.0,620.0,うーんなんかその内容によるかな
620.0,622.0,好き放題やらしてくれんだったら別にやってもいいけど
622.0,624.0,やらしてくれないんだったら
624.0,626.0,向け方あげるわ
626.0,628.0,ガッチマンのさぁ
628.0,630.0,ラスアスひでぇことになってるじゃん
630.0,632.0,イベント全カットだぜ
632.0,634.0,あれちょっとダメだよ
634.0,636.0,あれあげない方がいいよまだ
636.0,638.0,イベント全カットだよ
638.0,640.0,イベント見てぇじゃん
640.0,642.0,しかもあれね公認じゃないんだよ
642.0,644.0,付き合いがあるから気を使ってガッチマンがカットしてんだよ
644.0,646.0,そういう付き合いってマジいらねぇじゃん
646.0,648.0,イベント見るゲームなのに
648.0,650.0,なんかその
650.0,652.0,多分
652.0,654.0,発売イベントにガッチマン出てて
654.0,656.0,それでなんか多分
656.0,658.0,付き合いがあったから動画あげたいってなった時に
658.0,660.0,ガッチマンが
660.0,662.0,そのー制作あいつ大人じゃん
662.0,664.0,すげぇめっちゃ大人じゃん
664.0,666.0,めっちゃくちゃ大人じゃん
666.0,668.0,あの人ってだから気を使って
668.0,670.0,動画あげたいんですけど
670.0,672.0,みんな話をしたら多分じゃあイベントカットしてっていう話になって
672.0,674.0,それでずっと守ってあげてたんだけど
674.0,676.0,あまりにもクレームきて最後のエンディングだけ
676.0,678.0,流すっていう
678.0,680.0,わけわかんないだったら最初からやれよって
680.0,682.0,え?
682.0,684.0,だったら最初からやれよっていう
684.0,686.0,あの人パパだしね
686.0,688.0,ガッツリエンディング流してるっていう
690.0,692.0,あれもったいなかったなもっと絶対面白かったわ
692.0,694.0,ガッチマンが
694.0,696.0,あの全部イベント出して
696.0,698.0,最高難易度でやってたら
698.0,700.0,1話あげてたのにわざわざストーリーカットも
700.0,702.0,あげ直してたんだ
706.0,708.0,ガッチマンの嫁がコミックエッセイ書いてた
708.0,710.0,へー
710.0,712.0,ガッツリエンディングマン
714.0,716.0,そういう付き合いが増えてくるとめんどくせーんだよ
716.0,718.0,俺はそういうのは無理だな
720.0,722.0,しかも俺自分のコミとかさ動画でさ
722.0,724.0,その
724.0,726.0,なんていうの
726.0,728.0,やりたくないんだよね
728.0,730.0,外でやりたいの
730.0,732.0,じゃないとさ
732.0,734.0,境目がぐっちゃぐちゃになっちゃうでしょ
734.0,736.0,境目が
736.0,738.0,難しくなっちゃうよね
738.0,740.0,例えば今俺がなんていうの
740.0,742.0,この企業から委託されてさ
742.0,744.0,俺今のところ一回もやったことないの
744.0,746.0,そのなんていうの
746.0,748.0,ゲームやってくださいつって
748.0,750.0,わかりましたーつってさ
750.0,752.0,あのーなんとか公認の
752.0,754.0,やりまーすって言ってもなんか上手くできないだろうし
756.0,758.0,テラとかやったけどさ
758.0,760.0,あれ別に俺の放送じゃないじゃん
760.0,762.0,ここはなんかもう俺のエデンで
762.0,764.0,会ってほしいんだよな
766.0,768.0,話なんて来たこと一回もないよ
768.0,770.0,清原を覚醒させてくださって
770.0,772.0,そういうアプリの宣伝しか来なかった
772.0,774.0,あとあれかシャドーバーか
774.0,776.0,あれでもシャドーバーやってもよかったな正直
776.0,778.0,ハマってたからすでにあの時
778.0,780.0,8月じゃなかったら受けてたと思う正直
788.0,790.0,一回だけだよほんとに
790.0,792.0,一度だけ
792.0,794.0,シャドーバー受けてたら
794.0,796.0,100万稼げたらなんかみんな夢見てんなすっげー
796.0,798.0,夢見てんな
802.0,804.0,ちゃんとなんか相場が
804.0,806.0,決まってんだよ多分
806.0,808.0,相場が
808.0,810.0,オファー実況って見たことないけど
810.0,812.0,普通の実況とは違うの
812.0,814.0,他の人は別に
814.0,816.0,あんまり影響受けないんじゃない?
816.0,818.0,ハクがついたって感じでいいんじゃない?
818.0,820.0,俺でもモロに影響受けると思うよ
820.0,822.0,やっぱコンプライアンスを考えちゃうからさ
822.0,824.0,でもさ
824.0,826.0,ゲームの登場人物の悪口
826.0,828.0,言うのとかってありだと思うんだよな
828.0,830.0,没入度が高いゲームって素晴らしいですね
830.0,832.0,って取ってくんねーのかな
832.0,834.0,天神とか俺
834.0,836.0,完結したでしょ
836.0,838.0,登場人物の悪口もろくそう言ってたけど
838.0,840.0,ゲームは楽しんでたじゃん
840.0,842.0,あれって本来の楽しみ方だと俺は思ってるから
842.0,844.0,でもさそれがさ天神の会社が見てさ
844.0,846.0,いやこんな激しいことは言っちゃだめです
846.0,848.0,ってなったら俺はできない絶対できない
848.0,850.0,塚原ブスだなとかさ
852.0,854.0,俺は思ったんだし別に
854.0,856.0,ゲームの悪口じゃねえんだから
856.0,858.0,いいだろって思っちゃうんだよね
858.0,860.0,登場人物の悪口言ってんだからっていう
860.0,862.0,感情移入したら出ちゃうだろ
862.0,864.0,感情移入したら
866.0,868.0,出ちゃうだろ
870.0,872.0,出ちゃうんや
874.0,876.0,俺だからできねえんだよな
876.0,878.0,そうそう意味ないよ
878.0,880.0,楽しめねえよ
880.0,882.0,生放送とかでやってさ
882.0,884.0,企業チャンネルとかに呼ばれて
884.0,886.0,だったらまだ話は一番いいけど
888.0,890.0,それ器用な
890.0,892.0,人間じゃねえんだよ俺は
892.0,894.0,器用な人間じゃないや
896.0,898.0,でもなんかみんなが考えてるのはステマって
898.0,900.0,本当にもう多分ニコ生で存在しないよ
900.0,902.0,本当に
902.0,904.0,なんか
904.0,906.0,みどりさんがシャドーバスから金もらってるみたいな
906.0,908.0,あんな奴に絶対シャドバが
908.0,910.0,いらなくするわけねえじゃん
910.0,912.0,絶対一番しちゃいけない人間だよ
914.0,916.0,絶対ないからね
916.0,918.0,好きでやってるんだ黒人さんとかも絶対金なんてもらってやってないし
920.0,922.0,みんな考えるじゃん
926.0,928.0,ゲームの
928.0,930.0,結構ハードル高いんじゃないかな
930.0,932.0,ハードルが
932.0,934.0,高いんじゃねえ
938.0,940.0,オープンレッグからお金もらってるでしょ
940.0,942.0,わかんねえけど
942.0,944.0,そのへんの契約は
944.0,946.0,黒人があのうちに金もらってるわけがない
946.0,948.0,すげえディスり方だな
950.0,952.0,すげえディスってないかそれ
954.0,956.0,そうしなきゃなんて何も残らんよ
956.0,958.0,やってもまあ何か残そうとしてやっちゃだめだよな
958.0,960.0,多分なあ
960.0,962.0,ちょっとごめんね一瞬待って
968.0,970.0,ごめんごめん
970.0,972.0,黒人のシャドバほんとにひどいよなんで
972.0,974.0,結構人増えてない?バーって
974.0,976.0,でもね俺ねポケモンカード
976.0,978.0,やってて思ったんだけどなんで今日こんなに長く雑談してるか
978.0,980.0,っていうと
980.0,982.0,あれさそしゃげとかさ
982.0,984.0,カードゲームってさ
984.0,986.0,ずーっとやってると
986.0,988.0,他の実況できなくなっちゃうのマジで
988.0,990.0,実況力が
990.0,992.0,著しく落ちるのね
992.0,994.0,なんでか知らないけど
994.0,996.0,俺さパワープロやってたじゃん
996.0,998.0,言葉なんていうの
998.0,1000.0,喋れなくて
1002.0,1004.0,俺だけかもしれないけど
1004.0,1006.0,あれもうだめだわ
1006.0,1008.0,ずーっとやってると能力が落ちるわほんとに
1012.0,1014.0,あの現象を知りたいわ
1014.0,1016.0,多分同じことばっかりずーっとやってるからだろうね
1016.0,1018.0,他のゲーム実況しても
1018.0,1020.0,面白く実況できないわ
1022.0,1024.0,できなくなっちゃうわ
1024.0,1026.0,他の実況やるとき
1026.0,1028.0,たまに他の実況やったほうがいい絶対
1028.0,1030.0,マジでできなくなるから
1032.0,1034.0,他の実況できなくなるよ
1034.0,1036.0,単純作業で
1036.0,1038.0,同じようなリアクション
1038.0,1040.0,取ってさ
1040.0,1042.0,ゲームの盛り上がりに
1042.0,1044.0,なんていうのかな依存した
1044.0,1046.0,配信になっちゃうじゃん
1046.0,1048.0,脳が退化するようになるんだもんね
1050.0,1052.0,ゲームの盛り上がりに
1052.0,1054.0,依存している
1054.0,1056.0,戦闘中頑張って
1056.0,1058.0,喋るとかねえじゃん
1058.0,1060.0,ドラクエ7の時とかさ
1060.0,1062.0,なんとか戦闘中
1062.0,1064.0,なんとか盛り上げなきゃ
1064.0,1066.0,ああいう力がやっぱ
1066.0,1068.0,そういう意識が低くなっちゃうのかな
1070.0,1072.0,なんかわかんないけどやばいなと思って
1072.0,1074.0,たまにやめよう
1074.0,1076.0,たまには他のことやっておかなきゃな
1076.0,1078.0,あれドラクエ7の
1078.0,1080.0,俺ほんとに凄かったわ
1080.0,1082.0,今思うとほんとによくやったわ
1082.0,1084.0,あんなのできるやつ
1084.0,1086.0,ほんとに日本に
1086.0,1088.0,あんなのやろうとするやついねえよ
1088.0,1090.0,女の生主がドラクエ全部クリアします
1090.0,1092.0,"5,6,7クリアします"
1092.0,1094.0,マジで7大好きなんだよね
1094.0,1096.0,この主人公かわいいとか言いながらやるんだとできるけど
1096.0,1098.0,イエエエエエエエエエエエエエエエエエエエエエエエー
1098.0,1100.0,みたいな感じでさ
1100.0,1102.0,男の生主が
1102.0,1104.0,ある程度人数保持したままできるゲームじゃねえわ
1104.0,1105.4,みんなもと真似すんなよ
1105.4,1107.6,ドラッグファイセブンだって配信出たら一発で生主
1107.6,1109.1,生主として終わるぞ
1110.1,1111.1,真似しちゃダメ
1112.6,1114.9,狂気の中に身を投じてる人間でなきゃ
1116.0,1118.4,ヨシオカを100人切ってから
1118.4,1120.2,やらなきゃいけない配信だからあれは
1123.9,1124.8,注意するように
1125.8,1128.2,パート140まであるから70時間
1128.8,1129.8,楽しんできてください
1135.8,1138.2,じめーっとしてるしね雰囲気も
1138.8,1140.2,石板集めて
1140.2,1141.8,あれ最後ボス誰だったっけな
1141.8,1143.2,名前すら忘れちゃったよ
1145.3,1147.8,名前すらあれもう何年前に2年ぐらい前に
1147.8,1148.8,名前すら忘れちゃったよ
1148.8,1149.8,名前すら忘れちゃったよ
1149.8,1150.8,名前すら忘れちゃったよ
1150.8,1151.8,名前すら忘れちゃったよ
1151.8,1152.8,名前すら忘れちゃったよ
1153.3,1155.8,名前すらあれもう何年前に2年ぐらい前
1158.8,1160.8,オルゴデミーラだそうそうそうそう
1164.8,1165.8,去年なんだ
1165.8,1167.8,うーん
1168.3,1169.3,顔出しする前
1171.3,1172.8,顔出しする前なんだ
1175.8,1178.8,いやでもなんかね前編通じて結構面白い実況だと思うよ
1179.3,1182.3,本当はカットしながらあれ実況で出したいんだけどね
1183.8,1185.8,もっと見やすくすればもっと面白くなるんだけど
1185.8,1187.8,なかなかその手間はめんどくさいわ
1190.8,1191.8,手間がめんどくせえ
1194.3,1196.8,なんかRPGでね1個やりたい編集があって
1196.8,1197.8,まパクリなんだけど
1199.3,1200.8,やりたい編集があってね1個
1201.8,1203.3,戦闘の中で
1203.8,1204.8,だからちょっとさ
1204.8,1207.8,だからゲーム実況上げたいなーって思ってんだよね今な
1207.8,1209.8,1個すげえやりたい編集があって
1210.3,1212.3,その見せ方としてね
1213.3,1215.3,もうみんなに見せてもいいか
1215.3,1218.3,この編集はすごい真似したいっていう編集があって
1219.3,1220.3,これパクんないでね俺が
1220.3,1222.3,俺がパクるからパクんないでねみんな
1223.8,1224.8,ほんとにね
1224.8,1225.8,ちょっと待ってね
1231.3,1232.3,すごい感心した
1232.8,1233.3,マジで
1235.8,1237.3,うーん
1239.3,1240.3,どれだっけな
1243.8,1245.8,別のパソコンに入ってんだけどな
1247.8,1249.8,うわこれやりてーと思ったんだよな俺
1254.3,1255.8,あーどれだっけなー
1255.8,1256.8,あこれだ
1256.8,1257.8,この人だ
1262.8,1263.8,この人の
1264.8,1265.8,マイリストの
1273.8,1275.8,これ確実にパクる俺が
1283.8,1284.8,なんだ今の音
1285.8,1286.8,雷みてえな
1303.3,1304.8,これのねこの人の編集
1304.8,1306.8,戦闘の編集でね
1312.8,1313.8,じゃ見てて見てて
1313.8,1314.8,じゃこの
1314.8,1316.8,ビジュアルじゃなくてね
1316.8,1318.8,すごい感心する戦闘のカットの仕方があって
1322.8,1323.8,これがね
1323.8,1324.8,この人の
1324.8,1325.8,戦闘の
1325.8,1326.8,戦闘の
1326.8,1327.8,戦闘の
1327.8,1328.8,戦闘の
1328.8,1329.8,戦闘の
1329.8,1330.8,戦闘の
1331.8,1334.8,あー重てえな
1334.8,1336.8,てかニコド潰れてくれマジで
1336.8,1338.8,ほんとYouTube見て
1338.8,1340.8,ほんとにYouTubeに上げたい動画を
1340.8,1342.8,ほんとにこんなサイト潰れてほしい
1344.8,1345.8,クソ重んない
1347.8,1348.8,うーん
1349.8,1350.8,洞窟の中入ってくんねえかな
1357.8,1359.8,洞窟の戦闘のときの
1359.8,1361.8,パート4だな
1361.8,1363.8,あーこの辺だ
1367.8,1369.8,ここだ!見てて
1369.8,1371.8,俺これパクりたいんだよね
1371.8,1373.8,戦
1373.8,1375.8,戦闘会うじゃん
1375.8,1377.8,敵に会った瞬間に
1377.8,1379.8,右上に
1379.8,1381.8,戦闘だけ写して、あと下は
1381.8,1383.8,普通に
1383.8,1385.8,マップを移動するっていう
1385.8,1387.8,意味わかる?
1387.8,1389.8,これすごい良くない?
1391.8,1393.8,戦闘見たい人は見れるし
1395.8,1397.8,これ良くない?
1399.8,1401.8,無駄がないじゃん
1401.8,1403.8,カットしてないし
1403.8,1405.8,これ見たとき
1405.8,1407.8,これ結構別にできるので
1407.8,1409.8,全部見せてるのに
1409.8,1411.8,テンポがいいって、俺も全部見せたい派だからさ
1411.8,1413.8,これ俺に合ってるなと思って
1413.8,1415.8,これパクりますよ俺
1415.8,1417.8,これパクるからみんなパクんないで
1417.8,1419.8,これ良いよね
1425.8,1427.8,別に喋ってるんだったら
1427.8,1429.8,そっちの音声を活かせばいいし
1429.8,1431.8,音声なんてぐっちゃぐちゃでいいんだよ
1437.8,1439.8,映像だけ活かしとけばいいじゃん
1441.8,1443.8,これやりてんだよな
1445.8,1447.8,あーこんな感じで
1447.8,1449.8,倒してんだーって
1451.8,1453.8,これね俺見たときにさ、俺もやりてえ
1453.8,1455.8,そう面白い方の音声残せばいいじゃん
1455.8,1457.8,乗った
1457.8,1459.8,これ考えたからみんな
1459.8,1461.8,頼むよ
1461.8,1463.8,パクんないでね
1465.8,1467.8,俺が考えました
1469.8,1471.8,この編集見てね
1471.8,1473.8,いいなーって思ったんだよな
1473.8,1475.8,こういうのってね
1475.8,1477.8,実況撮りたくなるんだよ
1477.8,1479.8,試したくなるんだよね
1481.8,1483.8,単純にモチベーションが上がるというか
1483.8,1485.8,これ加藤純一システム
1485.8,1487.8,って名前つけたんだよ
1487.8,1489.8,まだこの人特許取ってないからさ
1489.8,1491.8,俺が特許取るから
1491.8,1493.8,この動画めっちゃくちゃ面白いのに
1493.8,1495.8,再生数10万とかしかないんだぜ
1497.8,1499.8,投稿ペースが若干
1499.8,1501.8,悪いからあれなんだろうけど
1501.8,1503.8,面白いよ
1503.8,1505.8,ゆっくり実況PSドラゴンクエスト4
1505.8,1507.8,最強への礎
1507.8,1509.8,パート15まで出てる
1509.8,1511.8,体力MAXアイテムコンプリート
1511.8,1513.8,図鑑コンプリート全滅逃走ゼロを目指す
1513.8,1515.8,それのためなら何でもありのプレイマイリスト
1517.8,1519.8,面白いこれは
1521.8,1523.8,もっと言っていい?
1523.8,1525.8,10万程度の動画じゃないもっと言っていいと思う
1525.8,1527.8,全然面白い
1531.8,1533.8,よっか仕事
1533.8,1535.8,しっこしてくるわ
1537.8,1539.8,えーてかもう11時かやめっか
1539.8,1541.8,やめよ
1541.8,1543.8,この辺してペルソナ無理
1543.8,1545.8,あのね労力が続かない
1545.8,1547.8,体力続かないわ
1547.8,1549.8,さよなら
1549.8,1551.8,みんな悲しまないで
1551.8,1553.8,さよなら
1555.8,1557.8,あ最後にミラーに挨拶しよう
1557.8,1559.8,ミラー立ってなかったら殺しに行く
1559.8,1561.8,めくそ
1561.8,1563.8,よし
1563.8,1565.8,合格
1567.8,1569.8,なんでレジディアのこんな
1569.8,1571.8,回線重いの
1575.8,1577.8,結局何の企画も
1577.8,1579.8,しなかったし
1579.8,1581.8,カーバインとスナザメの話で2時間
1581.8,1583.8,超時間の無駄
1583.8,1585.8,絶対話さないあのバカどもの話
1585.8,1587.8,死んでもらうわ
1587.8,1589.8,時間がもったいないから
1595.8,1597.8,君たちのために
1597.8,1599.8,4分間だけ
1599.8,1601.8,あれするわ伸ばすわ
1601.8,1603.8,2分間ミラーと戯れよう
1607.8,1609.8,おめーなずいぶんなー
1609.8,1611.8,ずいぶんとおめーなー
1615.8,1617.8,ちょっと待ってな
1617.8,1619.8,うわ今日なんか一瞬だったなー
1623.8,1625.8,ちょい待ちちょい待ち
1627.8,1629.8,なんか面白い配信してーなー
1631.8,1633.8,なんか
1633.8,1635.8,なんか
1635.8,1637.8,なんか
1637.8,1639.8,なんか
1639.8,1641.8,あれしねーかなー
1641.8,1643.8,奇跡的になんか
1643.8,1645.8,みんなさチクワジャンランキングとか見てさ
1645.8,1647.8,面白い配信やったらさ全部パクるからさ
1647.8,1649.8,パクって俺のものにするから
1649.8,1651.8,数の暴力で全部俺のものにしようぜ
1651.8,1653.8,それよくない
1655.8,1657.8,今度からそうします
1657.8,1659.8,今後の活動方針は
1659.8,1661.8,面白い配信を全部パクって
1661.8,1663.8,起源の主張をして周りのやつぶっ潰して
1663.8,1665.8,俺が一番なります
1665.8,1667.8,それいいね
1667.8,1669.8,だからちょっとなんかみんな
1669.8,1671.8,これじゅんちゃんがあったら絶対面白そうだな
1671.8,1673.8,っていうやつをちくいち俺に送ってきて
1673.8,1675.8,全部俺がそれ俺が考えたことにしてやるから
1677.8,1679.8,よろしく
1681.8,1683.8,今後
1683.8,1685.8,2ヶ月間は
1685.8,1687.8,カンナムスタイルで
1687.8,1689.8,加藤純一カンナムスタイルでいきたいと思います
1691.8,1693.8,よろしくお願いします
1693.8,1695.8,それではみなさん
1695.8,1697.8,23時
1697.8,1699.8,縁も竹縄ということで
1699.8,1701.8,本日も5時間7分におよぶ長時間
1701.8,1703.8,誠にありがとうございました
1703.8,1705.8,またいつか
1705.8,1707.8,元気に
1707.8,1709.8,お会いできればなと思います
1709.8,1711.8,それでは
1711.8,1713.8,今宵はお開きということで
1713.8,1715.8,さようなら
